price,title
£51.77,A Light in the ...
£53.74,Tipping the Velvet
£50.10,Soumission
£47.82,Sharp Objects
£54.23,Sapiens: A Brief History ...
£22.65,The Requiem Red
£33.34,The Dirty Little Secrets ...
£17.93,The Coming Woman: A ...
£22.60,The Boys in the ...
£52.15,The Black Maria
£13.99,Starving Hearts (Triangular Trade ...
£20.66,Shakespeare's Sonnets
£17.46,Set Me Free
£52.29,Scott Pilgrim's Precious Little ...
£35.02,Rip it Up and ...
£57.25,Our Band Could Be ...
£23.88,Olio
£37.59,Mesaerion: The Best Science ...
£51.33,Libertarianism for Beginners
£45.17,It's Only the Himalayas
price,title
£51.77,A Light in the ...
£53.74,Tipping the Velvet
£50.10,Soumission
£47.82,Sharp Objects
£54.23,Sapiens: A Brief History ...
£22.65,The Requiem Red
£33.34,The Dirty Little Secrets ...
£17.93,The Coming Woman: A ...
£22.60,The Boys in the ...
£52.15,The Black Maria
£13.99,Starving Hearts (Triangular Trade ...
£20.66,Shakespeare's Sonnets
£17.46,Set Me Free
£52.29,Scott Pilgrim's Precious Little ...
£35.02,Rip it Up and ...
£57.25,Our Band Could Be ...
£23.88,Olio
£37.59,Mesaerion: The Best Science ...
£51.33,Libertarianism for Beginners
£45.17,It's Only the Himalayas
